{"pehe": [2.4457292780493036, 2.110114526036035, 3.0207155577402394, 2.1557412030981613, 2.0819557849025774, 2.7596273097361097, 2.361388200196051, 2.2631103240398236, 2.674444647209957, 2.3916809143634463], "ate": [1.5983351469039917, 0.10303041338920593, 1.8519784212112427, 0.3633577525615692, 0.8226161003112793, 1.1136585474014282, 0.9882806539535522, 1.0550366640090942, 1.7714916467666626, 1.2033233642578125], "average_pehe": 2.4264507745371704, "std_pehe": 0.29157865736990196, "average_ate": 1.0871108710765838, "std_ate": 0.5386971665387006}