{"pehe": [24.05423077270205, 27.66154941282156, 26.965752250467514, 37.073894222383764, 33.968992567556185, 31.225271465993693, 31.649324614202374, 29.852238239865493, 27.62258610600379, 34.18240078516283], "ate": [7.857153415679932, 19.51348876953125, 16.604137420654297, 23.554485321044922, 19.573606491088867, 18.39100456237793, 17.10368537902832, 13.524026870727539, 16.44710350036621, 25.83318519592285], "average_pehe": 30.425624043715924, "std_pehe": 3.760272250790468, "average_ate": 17.84018769264221, "std_ate": 4.742894053606673}