{"pehe": [4.48508625591044, 4.5772368034445945, 4.074365530627248, 4.630821399701947, 4.4628899346174356, 3.6344546278233727, 4.527702109041755, 3.8542321357268703, 5.30133176329715, 5.288360029620205], "ate": [0.1891227662563324, 0.16907624900341034, 0.9051574468612671, 0.5410248041152954, 1.0976545810699463, 0.8865627646446228, 1.0807510614395142, 0.3363787531852722, 0.32262346148490906, 1.5920090675354004], "average_pehe": 4.483648058981101, "std_pehe": 0.5132023621097683, "average_ate": 0.712036095559597, "std_ate": 0.44911128170900655}