{"pehe": [15.87359595926155, 13.175245513877968, 14.327538182136418, 15.205438124489945, 13.159478523102655, 15.271690615475672, 12.573334760324816, 12.504686621423186, 15.517959314873748, 14.412479881065416], "ate": [5.702350616455078, 6.725566864013672, 6.201863765716553, 4.976626873016357, 6.657777786254883, 7.293099403381348, 5.239447116851807, 2.9712982177734375, 4.978916645050049, 3.559084177017212], "average_pehe": 14.20214474960314, "std_pehe": 1.2004860861546085, "average_ate": 5.4306031465530396, "std_ate": 1.3159745563252507}