{"pehe": [7.408843062776142, 8.898669175835314, 6.809075312447126, 9.221325015205661, 8.107742397168657, 8.222640476528815, 6.52583104695221, 8.249549266533386, 7.74914552128789, 7.02879177113814], "ate": [0.4362356662750244, 2.0959372520446777, 0.8662241101264954, 1.5789200067520142, 1.5023380517959595, 1.856233835220337, 0.5944668650627136, 1.6470078229904175, 1.839829921722412, 1.3492319583892822], "average_pehe": 7.822161304587334, "std_pehe": 0.8398537216769688, "average_ate": 1.3766425490379333, "std_ate": 0.533778076868348}